<?xml version="1.0" encoding="UTF-8"?>
<SobiProApp xmlns:xsi="http://www.w3.org/2001/XMLSchema-instance"
	xsi:noNamespaceSchemaLocation="https://xml.sigsiu.net/SobiPro/application.xsd">
  <name>ContactForm Field</name>
  <id>contactform_field</id>
  <authorName>Sebastien Chartier</authorName>
  <authorEmail>joomla@uuebdesign.com</authorEmail>
  <authorUrl>http://joomla.uuebdesign.com/</authorUrl>
  <copyright>Copyright (C) 2012 Sebastien Chartier</copyright>
  <license>GNU General Public License v3</license>
  <creationDate>2012-07-13</creationDate>
  <fieldType typeId="contactform" fieldGroup="special">Contact Form</fieldType>
  <version>1.0</version>
  <description>
      The user enters it's email in the add/edit entry page and a contact
      form is displayed in the frontend.

      The field can also display a link that opens the form in a popup.
  </description>
  <language>
  	<file lang="en_GB">en-GB.SpApp.contactform.ini</file>
  	<file lang="fr_FR">fr-FR.SpApp.contactform.ini</file>
  	<file lang="de_DE">de-DE.SpApp.contactform.ini</file>
        <file lang="nl_NL">nl-NL.SpApp.contactform.ini</file>
  </language>
  <files path="adm:field">
    <folder>Adm/</folder>
  </files>
  <files path="ctrl:">
    <folder>Ctrl/</folder>
  </files>
  <files path="css:">
    <folder>Css/</folder>
  </files>
  <files path="img:">
      <folder>Img/</folder>
  </files>
  <files path="js:">
    <folder>Js/</folder>
  </files>
  <files path="fields:">
    <folder>Field/</folder>
  </files>
  <requirements>
    <core version="1.0.0.1000"/>
    <field>image</field>
  </requirements>
</SobiProApp>
